[
{
  "model": "contenttypes.contenttype",
  "fields": {
    "model": "contenttype",
    "app_label": "contenttypes"
  },
  "pk": 1
},
{
  "model": "contenttypes.contenttype",
  "fields": {
    "model": "logentry",
    "app_label": "admin"
  },
  "pk": 2
},
{
  "model": "contenttypes.contenttype",
  "fields": {
    "model": "permission",
    "app_label": "auth"
  },
  "pk": 3
},
{
  "model": "contenttypes.contenttype",
  "fields": {
    "model": "user",
    "app_label": "auth"
  },
  "pk": 4
},
{
  "model": "contenttypes.contenttype",
  "fields": {
    "model": "group",
    "app_label": "auth"
  },
  "pk": 5
},
{
  "model": "contenttypes.contenttype",
  "fields": {
    "model": "session",
    "app_label": "sessions"
  },
  "pk": 6
},
{
  "model": "contenttypes.contenttype",
  "fields": {
    "model": "course",
    "app_label": "catalog"
  },
  "pk": 7
},
{
  "model": "contenttypes.contenttype",
  "fields": {
    "model": "section",
    "app_label": "catalog"
  },
  "pk": 8
},
{
  "model": "contenttypes.contenttype",
  "fields": {
    "model": "csuser",
    "app_label": "generic"
  },
  "pk": 9
},
{
  "model": "contenttypes.contenttype",
  "fields": {
    "model": "problemset",
    "app_label": "course"
  },
  "pk": 10
},
{
  "model": "contenttypes.contenttype",
  "fields": {
    "model": "studentproblemfile",
    "app_label": "course"
  },
  "pk": 11
},
{
  "model": "contenttypes.contenttype",
  "fields": {
    "model": "graderlib",
    "app_label": "course"
  },
  "pk": 12
},
{
  "model": "contenttypes.contenttype",
  "fields": {
    "model": "requiredproblemfilename",
    "app_label": "course"
  },
  "pk": 13
},
{
  "model": "contenttypes.contenttype",
  "fields": {
    "model": "studentproblemsolution",
    "app_label": "course"
  },
  "pk": 14
},
{
  "model": "contenttypes.contenttype",
  "fields": {
    "model": "problemsolutionfile",
    "app_label": "course"
  },
  "pk": 15
},
{
  "model": "contenttypes.contenttype",
  "fields": {
    "model": "problemresult",
    "app_label": "course"
  },
  "pk": 16
},
{
  "model": "contenttypes.contenttype",
  "fields": {
    "model": "problem",
    "app_label": "course"
  },
  "pk": 17
},
{
  "model": "contenttypes.contenttype",
  "fields": {
    "model": "studentproblemset",
    "app_label": "course"
  },
  "pk": 18
},
{
  "model": "auth.permission",
  "fields": {
    "codename": "add_contenttype",
    "name": "Can add content type",
    "content_type": 1
  },
  "pk": 1
},
{
  "model": "auth.permission",
  "fields": {
    "codename": "change_contenttype",
    "name": "Can change content type",
    "content_type": 1
  },
  "pk": 2
},
{
  "model": "auth.permission",
  "fields": {
    "codename": "delete_contenttype",
    "name": "Can delete content type",
    "content_type": 1
  },
  "pk": 3
},
{
  "model": "auth.permission",
  "fields": {
    "codename": "add_logentry",
    "name": "Can add log entry",
    "content_type": 2
  },
  "pk": 4
},
{
  "model": "auth.permission",
  "fields": {
    "codename": "change_logentry",
    "name": "Can change log entry",
    "content_type": 2
  },
  "pk": 5
},
{
  "model": "auth.permission",
  "fields": {
    "codename": "delete_logentry",
    "name": "Can delete log entry",
    "content_type": 2
  },
  "pk": 6
},
{
  "model": "auth.permission",
  "fields": {
    "codename": "add_permission",
    "name": "Can add permission",
    "content_type": 3
  },
  "pk": 7
},
{
  "model": "auth.permission",
  "fields": {
    "codename": "change_permission",
    "name": "Can change permission",
    "content_type": 3
  },
  "pk": 8
},
{
  "model": "auth.permission",
  "fields": {
    "codename": "delete_permission",
    "name": "Can delete permission",
    "content_type": 3
  },
  "pk": 9
},
{
  "model": "auth.permission",
  "fields": {
    "codename": "add_group",
    "name": "Can add group",
    "content_type": 5
  },
  "pk": 10
},
{
  "model": "auth.permission",
  "fields": {
    "codename": "change_group",
    "name": "Can change group",
    "content_type": 5
  },
  "pk": 11
},
{
  "model": "auth.permission",
  "fields": {
    "codename": "delete_group",
    "name": "Can delete group",
    "content_type": 5
  },
  "pk": 12
},
{
  "model": "auth.permission",
  "fields": {
    "codename": "add_user",
    "name": "Can add user",
    "content_type": 4
  },
  "pk": 13
},
{
  "model": "auth.permission",
  "fields": {
    "codename": "change_user",
    "name": "Can change user",
    "content_type": 4
  },
  "pk": 14
},
{
  "model": "auth.permission",
  "fields": {
    "codename": "delete_user",
    "name": "Can delete user",
    "content_type": 4
  },
  "pk": 15
},
{
  "model": "auth.permission",
  "fields": {
    "codename": "add_session",
    "name": "Can add session",
    "content_type": 6
  },
  "pk": 16
},
{
  "model": "auth.permission",
  "fields": {
    "codename": "change_session",
    "name": "Can change session",
    "content_type": 6
  },
  "pk": 17
},
{
  "model": "auth.permission",
  "fields": {
    "codename": "delete_session",
    "name": "Can delete session",
    "content_type": 6
  },
  "pk": 18
},
{
  "model": "auth.permission",
  "fields": {
    "codename": "add_course",
    "name": "Can add course",
    "content_type": 7
  },
  "pk": 19
},
{
  "model": "auth.permission",
  "fields": {
    "codename": "change_course",
    "name": "Can change course",
    "content_type": 7
  },
  "pk": 20
},
{
  "model": "auth.permission",
  "fields": {
    "codename": "delete_course",
    "name": "Can delete course",
    "content_type": 7
  },
  "pk": 21
},
{
  "model": "auth.permission",
  "fields": {
    "codename": "add_section",
    "name": "Can add section",
    "content_type": 8
  },
  "pk": 22
},
{
  "model": "auth.permission",
  "fields": {
    "codename": "change_section",
    "name": "Can change section",
    "content_type": 8
  },
  "pk": 23
},
{
  "model": "auth.permission",
  "fields": {
    "codename": "delete_section",
    "name": "Can delete section",
    "content_type": 8
  },
  "pk": 24
},
{
  "model": "auth.permission",
  "fields": {
    "codename": "add_csuser",
    "name": "Can add user",
    "content_type": 9
  },
  "pk": 25
},
{
  "model": "auth.permission",
  "fields": {
    "codename": "change_csuser",
    "name": "Can change user",
    "content_type": 9
  },
  "pk": 26
},
{
  "model": "auth.permission",
  "fields": {
    "codename": "delete_csuser",
    "name": "Can delete user",
    "content_type": 9
  },
  "pk": 27
},
{
  "model": "auth.permission",
  "fields": {
    "codename": "add_problem",
    "name": "Can add problem",
    "content_type": 17
  },
  "pk": 28
},
{
  "model": "auth.permission",
  "fields": {
    "codename": "change_problem",
    "name": "Can change problem",
    "content_type": 17
  },
  "pk": 29
},
{
  "model": "auth.permission",
  "fields": {
    "codename": "delete_problem",
    "name": "Can delete problem",
    "content_type": 17
  },
  "pk": 30
},
{
  "model": "auth.permission",
  "fields": {
    "codename": "add_problemsolutionfile",
    "name": "Can add problem solution file",
    "content_type": 15
  },
  "pk": 31
},
{
  "model": "auth.permission",
  "fields": {
    "codename": "change_problemsolutionfile",
    "name": "Can change problem solution file",
    "content_type": 15
  },
  "pk": 32
},
{
  "model": "auth.permission",
  "fields": {
    "codename": "delete_problemsolutionfile",
    "name": "Can delete problem solution file",
    "content_type": 15
  },
  "pk": 33
},
{
  "model": "auth.permission",
  "fields": {
    "codename": "add_requiredproblemfilename",
    "name": "Can add required problem filename",
    "content_type": 13
  },
  "pk": 34
},
{
  "model": "auth.permission",
  "fields": {
    "codename": "change_requiredproblemfilename",
    "name": "Can change required problem filename",
    "content_type": 13
  },
  "pk": 35
},
{
  "model": "auth.permission",
  "fields": {
    "codename": "delete_requiredproblemfilename",
    "name": "Can delete required problem filename",
    "content_type": 13
  },
  "pk": 36
},
{
  "model": "auth.permission",
  "fields": {
    "codename": "add_problemset",
    "name": "Can add problem set",
    "content_type": 10
  },
  "pk": 37
},
{
  "model": "auth.permission",
  "fields": {
    "codename": "change_problemset",
    "name": "Can change problem set",
    "content_type": 10
  },
  "pk": 38
},
{
  "model": "auth.permission",
  "fields": {
    "codename": "delete_problemset",
    "name": "Can delete problem set",
    "content_type": 10
  },
  "pk": 39
},
{
  "model": "auth.permission",
  "fields": {
    "codename": "add_studentproblemset",
    "name": "Can add student problem set",
    "content_type": 18
  },
  "pk": 40
},
{
  "model": "auth.permission",
  "fields": {
    "codename": "change_studentproblemset",
    "name": "Can change student problem set",
    "content_type": 18
  },
  "pk": 41
},
{
  "model": "auth.permission",
  "fields": {
    "codename": "delete_studentproblemset",
    "name": "Can delete student problem set",
    "content_type": 18
  },
  "pk": 42
},
{
  "model": "auth.permission",
  "fields": {
    "codename": "add_studentproblemsolution",
    "name": "Can add student problem solution",
    "content_type": 14
  },
  "pk": 43
},
{
  "model": "auth.permission",
  "fields": {
    "codename": "change_studentproblemsolution",
    "name": "Can change student problem solution",
    "content_type": 14
  },
  "pk": 44
},
{
  "model": "auth.permission",
  "fields": {
    "codename": "delete_studentproblemsolution",
    "name": "Can delete student problem solution",
    "content_type": 14
  },
  "pk": 45
},
{
  "model": "auth.permission",
  "fields": {
    "codename": "add_studentproblemfile",
    "name": "Can add student problem file",
    "content_type": 11
  },
  "pk": 46
},
{
  "model": "auth.permission",
  "fields": {
    "codename": "change_studentproblemfile",
    "name": "Can change student problem file",
    "content_type": 11
  },
  "pk": 47
},
{
  "model": "auth.permission",
  "fields": {
    "codename": "delete_studentproblemfile",
    "name": "Can delete student problem file",
    "content_type": 11
  },
  "pk": 48
},
{
  "model": "auth.permission",
  "fields": {
    "codename": "add_problemresult",
    "name": "Can add problem result",
    "content_type": 16
  },
  "pk": 49
},
{
  "model": "auth.permission",
  "fields": {
    "codename": "change_problemresult",
    "name": "Can change problem result",
    "content_type": 16
  },
  "pk": 50
},
{
  "model": "auth.permission",
  "fields": {
    "codename": "delete_problemresult",
    "name": "Can delete problem result",
    "content_type": 16
  },
  "pk": 51
},
{
  "model": "auth.permission",
  "fields": {
    "codename": "add_graderlib",
    "name": "Can add grader lib",
    "content_type": 12
  },
  "pk": 52
},
{
  "model": "auth.permission",
  "fields": {
    "codename": "change_graderlib",
    "name": "Can change grader lib",
    "content_type": 12
  },
  "pk": 53
},
{
  "model": "auth.permission",
  "fields": {
    "codename": "delete_graderlib",
    "name": "Can delete grader lib",
    "content_type": 12
  },
  "pk": 54
},
{
  "model": "auth.user",
  "fields": {
    "last_name": "",
    "groups": [],
    "first_name": "",
    "last_login": "2015-08-07T18:30:20.449Z",
    "user_permissions": [],
    "is_active": true,
    "username": "ifjorissen",
    "is_staff": true,
    "date_joined": "2015-08-07T18:26:31.371Z",
    "email": "ifjorissen@gmail.com",
    "is_superuser": true,
    "password": "pbkdf2_sha256$20000$4xNNkS5l2M7F$fz/lyL9Oxpnob2+IFy6sKhKYlebNB4mYI6pPgL1ZFL8="
  },
  "pk": 1
},
{
  "model": "auth.user",
  "fields": {
    "last_name": "",
    "groups": [],
    "first_name": "",
    "last_login": null,
    "user_permissions": [],
    "is_active": true,
    "username": "isjoriss",
    "is_staff": false,
    "date_joined": "2015-08-07T18:34:19.552Z",
    "email": "",
    "is_superuser": false,
    "password": ""
  },
  "pk": 2
},
{
  "model": "sessions.session",
  "fields": {
    "expire_date": "2015-08-21T18:30:20.451Z",
    "session_data": "YmM0NGJmZjk1NjM5OWNhYmU4NjAzZjlmZDg5NThiMDRhMjVjMmYzZjp7Il9hdXRoX3VzZXJfaWQiOiIxIiwiX2F1dGhfdXNlcl9oYXNoIjoiMTc0NjRmYWJjZjRjODYyZWQzNzZjYTQxY2Q0Zjk3MGM5ODRhZTk5YyIsIl9hdXRoX3VzZXJfYmFja2VuZCI6ImRqYW5nby5jb250cmliLmF1dGguYmFja2VuZHMuTW9kZWxCYWNrZW5kIn0="
  },
  "pk": "16gm5wrc23cwkyh2rrnbilljjb44hp2d"
},
{
  "model": "catalog.course",
  "fields": {
    "title": "Introduction to Computer Science",
    "num": 121
  },
  "pk": 1
},
{
  "model": "generic.csuser",
  "fields": {
    "groups": [],
    "user_permissions": []
  },
  "pk": 2
},
{
  "model": "course.problem",
  "fields": {
    "title": "Coins",
    "cs_course": 1,
    "statement": "write the coins function",
    "many_attempts": true,
    "grade_script": "121/solutions/coins_files/test_coins.py",
    "description": "The coins function should take as input an amount of money, measured in (an integer number of) cents, and output the minimum number of coins necessary to have that value. Assume that the coins available are quarters, dimes, nickles, and pennies.\r\n",
    "autograde_problem": true
  },
  "pk": 1
},
{
  "model": "course.problem",
  "fields": {
    "title": "Feet2Meters",
    "cs_course": 1,
    "statement": "convert feet to meters",
    "many_attempts": true,
    "grade_script": "121/solutions/feet2meters_files/test_feet_to_meters.py",
    "description": "One foot is equal to approximately .3048 meters. The feet_to_meters function should take as input a length measured in feet and output the equivalent number of meters.\r\n",
    "autograde_problem": true
  },
  "pk": 2
},
{
  "model": "course.problem",
  "fields": {
    "title": "Is Multiple",
    "cs_course": 1,
    "statement": "see above",
    "many_attempts": true,
    "grade_script": "121/solutions/is-multiple_files/test_feet_to_meters.py",
    "description": "The is_multiple function should take two positive integers a and b and return True if a is a multiple of b, and False otherwise.\r\n",
    "autograde_problem": true
  },
  "pk": 3
},
{
  "model": "course.problem",
  "fields": {
    "title": "Nth Digit",
    "cs_course": 1,
    "statement": "?",
    "many_attempts": true,
    "grade_script": "121/solutions/nth-digit_files/test_nth_digit.py",
    "description": "The nth_digit function should take as input two integers x and n. it should then output the nth digit of x. That is, if n=2, it should output the tens digit. if n=4 it should output the thousands digit, etc. Think of numbers as having invisible zeros to the left of the digits we write.\r\n",
    "autograde_problem": true
  },
  "pk": 4
},
{
  "model": "course.problem",
  "fields": {
    "title": "Reversed || desreveR",
    "cs_course": 1,
    "statement": "^",
    "many_attempts": true,
    "grade_script": "121/solutions/reversed-desrever_files/test_reversed.py",
    "description": "The reversed function should take as input a two-digit integer and output the integer that has the same two digits, but reversed. Again, think of single digit numbers as having a zero in the tens digit.\r\n",
    "autograde_problem": true
  },
  "pk": 5
},
{
  "model": "course.problem",
  "fields": {
    "title": "Tens Digit",
    "cs_course": 1,
    "statement": "...",
    "many_attempts": true,
    "grade_script": "121/solutions/tens-digit_files/test_tens_digit.py",
    "description": "The tens_digit function\tshould take as input an\tinteger\tand output an integer equal to the tens digit\tof its input. We think of numbers less than 10 as having a zero in the tens digit.\r\n",
    "autograde_problem": true
  },
  "pk": 6
},
{
  "model": "course.problem",
  "fields": {
    "title": "Zap Buzz (but no Fizz)",
    "cs_course": 1,
    "statement": "no Fizz in this cola",
    "many_attempts": true,
    "grade_script": "121/solutions/zap-buzz-but-no-fizz_files/test_zap_buzz.py",
    "description": "Zap-Buzz is a variant of a common children's game. The way the game works is that each person takes turns saying a number, counting upwards. However, if ths number is a multiple of 7 you say \"zap\" instead of the number. If the number has a 3 in it you say \"buzz\" instead of the number, and if both things are true you say \"zap buzz\". Your job is to implement a function that will decide what to say for a given number. It should take as input an integer and output the integer, the string \"zap\", the string \"buzz, or the string \"zap buzz\", depending on which is correct. It is ok if your function assumes the input is below 1000.\r\n",
    "autograde_problem": true
  },
  "pk": 7
},
{
  "model": "course.problem",
  "fields": {
    "title": "Collatz & Hailstones",
    "cs_course": 1,
    "statement": "hailstones",
    "many_attempts": true,
    "grade_script": "121/solutions/collatz-hailstones_files/test_collatz.py",
    "description": "collatz",
    "autograde_problem": true
  },
  "pk": 8
},
{
  "model": "course.problem",
  "fields": {
    "title": "FIbFibFibonacci",
    "cs_course": 1,
    "statement": "write the fibonacci3() function",
    "many_attempts": true,
    "grade_script": "121/solutions/fibfibfibonacci_files/test_fibonacci3.py",
    "description": "Fibonacci 3",
    "autograde_problem": true
  },
  "pk": 9
},
{
  "model": "course.problem",
  "fields": {
    "title": "Is Prime",
    "cs_course": 1,
    "statement": "if I give you a number tell me whether or not it's prime",
    "many_attempts": true,
    "grade_script": "121/solutions/is-prime_files/test_is_prime.py",
    "description": "what do you think",
    "autograde_problem": true
  },
  "pk": 10
},
{
  "model": "course.problem",
  "fields": {
    "title": "Polymax",
    "cs_course": 1,
    "statement": "poly . . . max",
    "many_attempts": true,
    "grade_script": "121/solutions/polymax_files/test_polymax.py",
    "description": "...",
    "autograde_problem": true
  },
  "pk": 11
},
{
  "model": "course.problem",
  "fields": {
    "title": "Sum cubes",
    "cs_course": 1,
    "statement": "if you know what i mean",
    "many_attempts": true,
    "grade_script": "121/solutions/sum-cubes_files/test_sum_cubes.py",
    "description": "sum those cubes",
    "autograde_problem": true
  },
  "pk": 12
},
{
  "model": "course.problemsolutionfile",
  "fields": {
    "comment": "",
    "file_upload": "121/solutions/coins_files/ta_coins.py",
    "problem": 1
  },
  "pk": 1
},
{
  "model": "course.problemsolutionfile",
  "fields": {
    "comment": "",
    "file_upload": "121/solutions/feet2meters_files/ta_feet_to_meters.py",
    "problem": 2
  },
  "pk": 2
},
{
  "model": "course.problemsolutionfile",
  "fields": {
    "comment": "",
    "file_upload": "121/solutions/is-multiple_files/ta_feet_to_meters.py",
    "problem": 3
  },
  "pk": 3
},
{
  "model": "course.problemsolutionfile",
  "fields": {
    "comment": "",
    "file_upload": "121/solutions/nth-digit_files/ta_nth_digit.py",
    "problem": 4
  },
  "pk": 4
},
{
  "model": "course.problemsolutionfile",
  "fields": {
    "comment": "",
    "file_upload": "121/solutions/reversed-desrever_files/ta_reversed.py",
    "problem": 5
  },
  "pk": 5
},
{
  "model": "course.problemsolutionfile",
  "fields": {
    "comment": "",
    "file_upload": "121/solutions/tens-digit_files/ta_tens_digit.py",
    "problem": 6
  },
  "pk": 6
},
{
  "model": "course.problemsolutionfile",
  "fields": {
    "comment": "",
    "file_upload": "121/solutions/zap-buzz-but-no-fizz_files/ta_zap_buzz.py",
    "problem": 7
  },
  "pk": 7
},
{
  "model": "course.problemsolutionfile",
  "fields": {
    "comment": "",
    "file_upload": "121/solutions/collatz-hailstones_files/ta_collatz.py",
    "problem": 8
  },
  "pk": 8
},
{
  "model": "course.problemsolutionfile",
  "fields": {
    "comment": "",
    "file_upload": "121/solutions/fibfibfibonacci_files/ta_fibonacci3.py",
    "problem": 9
  },
  "pk": 9
},
{
  "model": "course.problemsolutionfile",
  "fields": {
    "comment": "",
    "file_upload": "121/solutions/is-prime_files/ta_is_prime.py",
    "problem": 10
  },
  "pk": 10
},
{
  "model": "course.problemsolutionfile",
  "fields": {
    "comment": "",
    "file_upload": "121/solutions/polymax_files/ta_polymax.py",
    "problem": 11
  },
  "pk": 11
},
{
  "model": "course.problemsolutionfile",
  "fields": {
    "comment": "",
    "file_upload": "121/solutions/sum-cubes_files/ta_sum_cubes.py",
    "problem": 12
  },
  "pk": 12
},
{
  "model": "course.requiredproblemfilename",
  "fields": {
    "force_rename": true,
    "file_title": "main.py",
    "problem": 1
  },
  "pk": 1
},
{
  "model": "course.requiredproblemfilename",
  "fields": {
    "force_rename": true,
    "file_title": "main.py",
    "problem": 2
  },
  "pk": 2
},
{
  "model": "course.requiredproblemfilename",
  "fields": {
    "force_rename": true,
    "file_title": "main.py",
    "problem": 3
  },
  "pk": 3
},
{
  "model": "course.requiredproblemfilename",
  "fields": {
    "force_rename": true,
    "file_title": "main.py",
    "problem": 4
  },
  "pk": 4
},
{
  "model": "course.requiredproblemfilename",
  "fields": {
    "force_rename": true,
    "file_title": "main.py",
    "problem": 5
  },
  "pk": 5
},
{
  "model": "course.requiredproblemfilename",
  "fields": {
    "force_rename": true,
    "file_title": "main.py",
    "problem": 6
  },
  "pk": 6
},
{
  "model": "course.requiredproblemfilename",
  "fields": {
    "force_rename": true,
    "file_title": "main.py",
    "problem": 7
  },
  "pk": 7
},
{
  "model": "course.requiredproblemfilename",
  "fields": {
    "force_rename": true,
    "file_title": "main.py",
    "problem": 8
  },
  "pk": 8
},
{
  "model": "course.requiredproblemfilename",
  "fields": {
    "force_rename": true,
    "file_title": "main.py",
    "problem": 9
  },
  "pk": 9
},
{
  "model": "course.requiredproblemfilename",
  "fields": {
    "force_rename": true,
    "file_title": "main.py",
    "problem": 10
  },
  "pk": 10
},
{
  "model": "course.requiredproblemfilename",
  "fields": {
    "force_rename": true,
    "file_title": "main.py",
    "problem": 11
  },
  "pk": 11
},
{
  "model": "course.requiredproblemfilename",
  "fields": {
    "force_rename": true,
    "file_title": "main.py",
    "problem": 12
  },
  "pk": 12
},
{
  "model": "course.problemset",
  "fields": {
    "title": "Basic Functions",
    "problems": [
      1,
      2,
      3,
      5,
      6,
      7,
      4
    ],
    "pub_date": "2015-08-06T00:00:00Z",
    "due_date": "2015-08-13T00:00:00Z",
    "description": "Some basic functions in python to get you familiar with the language",
    "cs_section": [
      1
    ]
  },
  "pk": 1
},
{
  "model": "course.problemset",
  "fields": {
    "title": "Loops",
    "problems": [
      8,
      9,
      10,
      11,
      12
    ],
    "pub_date": "2015-08-07T11:49:00Z",
    "due_date": "2015-08-14T01:00:00Z",
    "description": "some loopin'",
    "cs_section": [
      1
    ]
  },
  "pk": 2
},
{
  "model": "course.graderlib",
  "fields": {
    "comment": "",
    "lib_upload": "lib/sanity.py"
  },
  "pk": 1
},
{
  "model": "course.graderlib",
  "fields": {
    "comment": "",
    "lib_upload": "lib/session.py"
  },
  "pk": 2
},
{
  "model": "catalog.section",
  "fields": {
    "end_date": "2015-12-18T11:32:00Z",
    "course": 1,
    "enrolled": [
      2
    ],
    "prof": null,
    "start_date": "2015-08-01T11:32:00Z",
    "section_id": ""
  },
  "pk": 1
},
{
  "model": "admin.logentry",
  "fields": {
    "object_id": "1",
    "user": 1,
    "content_type": 12,
    "change_message": "",
    "action_time": "2015-08-07T18:30:47.277Z",
    "action_flag": 1,
    "object_repr": "sanity.py"
  },
  "pk": 1
},
{
  "model": "admin.logentry",
  "fields": {
    "object_id": "2",
    "user": 1,
    "content_type": 12,
    "change_message": "",
    "action_time": "2015-08-07T18:30:54.678Z",
    "action_flag": 1,
    "object_repr": "session.py"
  },
  "pk": 2
},
{
  "model": "admin.logentry",
  "fields": {
    "object_id": "1",
    "user": 1,
    "content_type": 7,
    "change_message": "",
    "action_time": "2015-08-07T18:32:06.395Z",
    "action_flag": 1,
    "object_repr": "Introduction to Computer Science"
  },
  "pk": 3
},
{
  "model": "admin.logentry",
  "fields": {
    "object_id": "1",
    "user": 1,
    "content_type": 8,
    "change_message": "",
    "action_time": "2015-08-07T18:32:59.833Z",
    "action_flag": 1,
    "object_repr": "Introduction to Computer Science: "
  },
  "pk": 4
},
{
  "model": "admin.logentry",
  "fields": {
    "object_id": "1",
    "user": 1,
    "content_type": 17,
    "change_message": "",
    "action_time": "2015-08-07T18:34:16.233Z",
    "action_flag": 1,
    "object_repr": "Coins"
  },
  "pk": 5
},
{
  "model": "admin.logentry",
  "fields": {
    "object_id": "2",
    "user": 1,
    "content_type": 17,
    "change_message": "",
    "action_time": "2015-08-07T18:35:18.109Z",
    "action_flag": 1,
    "object_repr": "Feet2Meters"
  },
  "pk": 6
},
{
  "model": "admin.logentry",
  "fields": {
    "object_id": "3",
    "user": 1,
    "content_type": 17,
    "change_message": "",
    "action_time": "2015-08-07T18:35:55.283Z",
    "action_flag": 1,
    "object_repr": "Is Multiple"
  },
  "pk": 7
},
{
  "model": "admin.logentry",
  "fields": {
    "object_id": "4",
    "user": 1,
    "content_type": 17,
    "change_message": "",
    "action_time": "2015-08-07T18:36:44.687Z",
    "action_flag": 1,
    "object_repr": "Nth Digit"
  },
  "pk": 8
},
{
  "model": "admin.logentry",
  "fields": {
    "object_id": "5",
    "user": 1,
    "content_type": 17,
    "change_message": "",
    "action_time": "2015-08-07T18:38:34.028Z",
    "action_flag": 1,
    "object_repr": "Reversed || desreveR"
  },
  "pk": 9
},
{
  "model": "admin.logentry",
  "fields": {
    "object_id": "6",
    "user": 1,
    "content_type": 17,
    "change_message": "",
    "action_time": "2015-08-07T18:39:26.243Z",
    "action_flag": 1,
    "object_repr": "Tens Digit"
  },
  "pk": 10
},
{
  "model": "admin.logentry",
  "fields": {
    "object_id": "7",
    "user": 1,
    "content_type": 17,
    "change_message": "",
    "action_time": "2015-08-07T18:40:29.527Z",
    "action_flag": 1,
    "object_repr": "Zap Buzz (but no Fizz)"
  },
  "pk": 11
},
{
  "model": "admin.logentry",
  "fields": {
    "object_id": "1",
    "user": 1,
    "content_type": 10,
    "change_message": "",
    "action_time": "2015-08-07T18:40:32.528Z",
    "action_flag": 1,
    "object_repr": "Basic Functions"
  },
  "pk": 12
},
{
  "model": "admin.logentry",
  "fields": {
    "object_id": "4",
    "user": 1,
    "content_type": 17,
    "change_message": "Changed grade_script.",
    "action_time": "2015-08-07T18:40:57.941Z",
    "action_flag": 2,
    "object_repr": "Nth Digit"
  },
  "pk": 13
},
{
  "model": "admin.logentry",
  "fields": {
    "object_id": "1",
    "user": 1,
    "content_type": 8,
    "change_message": "Changed enrolled.",
    "action_time": "2015-08-07T18:41:53.495Z",
    "action_flag": 2,
    "object_repr": "Introduction to Computer Science: "
  },
  "pk": 14
},
{
  "model": "admin.logentry",
  "fields": {
    "object_id": "8",
    "user": 1,
    "content_type": 17,
    "change_message": "",
    "action_time": "2015-08-07T18:43:42.859Z",
    "action_flag": 1,
    "object_repr": "Collatz & Hailstones"
  },
  "pk": 15
},
{
  "model": "admin.logentry",
  "fields": {
    "object_id": "9",
    "user": 1,
    "content_type": 17,
    "change_message": "",
    "action_time": "2015-08-07T18:45:31.835Z",
    "action_flag": 1,
    "object_repr": "FIbFibFibonacci"
  },
  "pk": 16
},
{
  "model": "admin.logentry",
  "fields": {
    "object_id": "10",
    "user": 1,
    "content_type": 17,
    "change_message": "",
    "action_time": "2015-08-07T18:46:54.353Z",
    "action_flag": 1,
    "object_repr": "Is Prime"
  },
  "pk": 17
},
{
  "model": "admin.logentry",
  "fields": {
    "object_id": "11",
    "user": 1,
    "content_type": 17,
    "change_message": "",
    "action_time": "2015-08-07T18:48:14.176Z",
    "action_flag": 1,
    "object_repr": "Polymax"
  },
  "pk": 18
},
{
  "model": "admin.logentry",
  "fields": {
    "object_id": "12",
    "user": 1,
    "content_type": 17,
    "change_message": "",
    "action_time": "2015-08-07T18:49:14.907Z",
    "action_flag": 1,
    "object_repr": "Sum cubes"
  },
  "pk": 19
},
{
  "model": "admin.logentry",
  "fields": {
    "object_id": "2",
    "user": 1,
    "content_type": 10,
    "change_message": "",
    "action_time": "2015-08-07T18:49:40.091Z",
    "action_flag": 1,
    "object_repr": "Loops"
  },
  "pk": 20
}
]
